{"v":"5.5.9","fr":60,"ip":0,"op":182,"w":200,"h":200,"nm":"Name_S","ddd":0,"assets":[],"layers":[{"ddd":0,"ind":1,"ty":4,"nm":"Head","parent":2,"sr":1,"ks":{"o":{"a":0,"k":100,"ix":11},"r":{"a":1,"k":[{"i":{"x":[0.549],"y":[0.847]},"o":{"x":[0.651],"y":[0]},"t":0,"s":[-120]},{"i":{"x":[0.603],"y":[1]},"o":{"x":[0.276],"y":[-0.609]},"t":40,"s":[10]},{"i":{"x":[0.603],"y":[1]},"o":{"x":[0.167],"y":[0]},"t":60,"s":[0]},{"i":{"x":[0.724],"y":[1.609]},"o":{"x":[0.397],"y":[0]},"t":120,"s":[0]},{"i":{"x":[0.349],"y":[1]},"o":{"x":[0.451],"y":[0.153]},"t":140,"s":[10]},{"t":180,"s":[-120]}],"ix":10},"p":{"a":0,"k":[0,33.482,0],"ix":2},"a":{"a":0,"k":[0,33.482,0],"ix":1},"s":{"a":0,"k":[100,100,100],"ix":6}},"ao":0,"shapes":[{"ty":"gr","it":[{"ind":0,"ty":"sh","ix":1,"ks":{"a":0,"k":{"i":[[0,15.431],[-15.38,0],[0,-15.431],[15.38,0]],"o":[[0,-15.432],[15.38,0],[0,15.431],[-15.38,0]],"v":[[-27.988,-36.702],[-0.096,-64.686],[27.797,-36.702],[-0.096,-8.717]],"c":true},"ix":2},"nm":"Path 1","mn":"ADBE Vector Shape - Group","hd":false},{"ty":"st","c":{"a":0,"k":[0.21568627450980393,0.39215686274509803,0.4980392156862745,1],"ix":3},"o":{"a":0,"k":100,"ix":4},"w":{"a":0,"k":10,"ix":5},"lc":2,"lj":1,"ml":10,"bm":0,"nm":"Stroke 1","mn":"ADBE Vector Graphic - Stroke","hd":false},{"ty":"tr","p":{"a":0,"k":[0,0],"ix":2},"a":{"a":0,"k":[0,0],"ix":1},"s":{"a":0,"k":[100,100],"ix":3},"r":{"a":0,"k":0,"ix":6},"o":{"a":0,"k":100,"ix":7},"sk":{"a":0,"k":0,"ix":4},"sa":{"a":0,"k":0,"ix":5},"nm":"Transform"}],"nm":"Group 2","np":2,"cix":2,"bm":0,"ix":1,"mn":"ADBE Vector Group","hd":false},{"ty":"tm","s":{"a":0,"k":0,"ix":1},"e":{"a":1,"k":[{"i":{"x":[0.4],"y":[1]},"o":{"x":[0.6],"y":[0]},"t":0,"s":[0]},{"i":{"x":[0.4],"y":[1]},"o":{"x":[0.167],"y":[0]},"t":48,"s":[100]},{"i":{"x":[0.4],"y":[1]},"o":{"x":[0.6],"y":[0]},"t":132,"s":[100]},{"t":180,"s":[0]}],"ix":2},"o":{"a":1,"k":[{"i":{"x":[0.4],"y":[1]},"o":{"x":[0.6],"y":[0]},"t":0,"s":[-150]},{"i":{"x":[0.4],"y":[1]},"o":{"x":[0.167],"y":[0]},"t":48,"s":[0]},{"i":{"x":[0.4],"y":[1]},"o":{"x":[0.6],"y":[0]},"t":132,"s":[0]},{"t":180,"s":[-150]}],"ix":3},"m":1,"ix":2,"nm":"Trim Paths 1","mn":"ADBE Vector Filter - Trim","hd":false}],"ip":0,"op":300,"st":0,"bm":0},{"ddd":0,"ind":2,"ty":4,"nm":"Body","sr":1,"ks":{"o":{"a":0,"k":100,"ix":11},"r":{"a":0,"k":0,"ix":10},"p":{"a":0,"k":[100,133.944,0],"ix":2},"a":{"a":0,"k":[0,33.482,0],"ix":1},"s":{"a":1,"k":[{"i":{"x":[0.4,0.4,0.4],"y":[1,1,1]},"o":{"x":[0.6,0.6,0.6],"y":[0,0,0]},"t":0,"s":[0,0,100]},{"i":{"x":[0.4,0.4,0.4],"y":[1,1,1]},"o":{"x":[0.167,0.167,0.167],"y":[0,0,0]},"t":60,"s":[100,100,100]},{"i":{"x":[0.4,0.4,0.4],"y":[1,1,1]},"o":{"x":[0.6,0.6,0.6],"y":[0,0,0]},"t":120,"s":[100,100,100]},{"t":180,"s":[0,0,100]}],"ix":6}},"ao":0,"shapes":[{"ty":"gr","it":[{"ind":0,"ty":"sh","ix":1,"ks":{"a":0,"k":{"i":[[0.131,-1.384],[15.796,0],[13.277,7.778],[0,1.418],[-24.498,0],[0,-24.498]],"o":[[-13.277,7.778],[-15.796,0],[-0.131,-1.383],[0,-24.498],[24.498,0],[0,1.418]],"v":[[44.228,51.832],[0,63.763],[-44.228,51.832],[-44.429,47.631],[0,3.202],[44.429,47.631]],"c":true},"ix":2},"nm":"Path 1","mn":"ADBE Vector Shape - Group","hd":false},{"ty":"st","c":{"a":0,"k":[0.21568627450980393,0.39215686274509803,0.4980392156862745,1],"ix":3},"o":{"a":0,"k":100,"ix":4},"w":{"a":0,"k":11,"ix":5},"lc":2,"lj":1,"ml":10,"bm":0,"nm":"Stroke 1","mn":"ADBE Vector Graphic - Stroke","hd":false},{"ty":"tm","s":{"a":0,"k":0,"ix":1},"e":{"a":1,"k":[{"i":{"x":[0.4],"y":[1]},"o":{"x":[0.6],"y":[0]},"t":2.4,"s":[0]},{"i":{"x":[0.4],"y":[1]},"o":{"x":[0.167],"y":[0]},"t":50.4,"s":[100]},{"i":{"x":[0.4],"y":[1]},"o":{"x":[0.6],"y":[0]},"t":128,"s":[100]},{"t":176,"s":[0]}],"ix":2},"o":{"a":1,"k":[{"i":{"x":[0.4],"y":[1]},"o":{"x":[0.6],"y":[0]},"t":2.4,"s":[-150]},{"i":{"x":[0.4],"y":[1]},"o":{"x":[0.167],"y":[0]},"t":50.4,"s":[0]},{"i":{"x":[0.4],"y":[1]},"o":{"x":[0.6],"y":[0]},"t":128,"s":[0]},{"t":176,"s":[-150]}],"ix":3},"m":1,"ix":3,"nm":"Trim Paths 1","mn":"ADBE Vector Filter - Trim","hd":false},{"ty":"tr","p":{"a":0,"k":[0,0],"ix":2},"a":{"a":0,"k":[0,0],"ix":1},"s":{"a":0,"k":[100,100],"ix":3},"r":{"a":0,"k":0,"ix":6},"o":{"a":0,"k":100,"ix":7},"sk":{"a":0,"k":0,"ix":4},"sa":{"a":0,"k":0,"ix":5},"nm":"Transform"}],"nm":"Group 1","np":3,"cix":2,"bm":0,"ix":1,"mn":"ADBE Vector Group","hd":false},{"ty":"gr","it":[{"ind":0,"ty":"sh","ix":1,"ks":{"a":0,"k":{"i":[[0.131,-1.384],[15.796,0],[13.277,7.778],[0,1.418],[-24.498,0],[0,-24.498]],"o":[[-13.277,7.778],[-15.796,0],[-0.131,-1.383],[0,-24.498],[24.498,0],[0,1.418]],"v":[[44.228,51.832],[0,63.763],[-44.228,51.832],[-44.429,47.631],[0,3.202],[44.429,47.631]],"c":true},"ix":2},"nm":"Path 1","mn":"ADBE Vector Shape - Group","hd":false},{"ty":"st","c":{"a":0,"k":[1,0.8,0,1],"ix":3},"o":{"a":0,"k":100,"ix":4},"w":{"a":0,"k":10,"ix":5},"lc":2,"lj":1,"ml":10,"bm":0,"nm":"Stroke 1","mn":"ADBE Vector Graphic - Stroke","hd":false},{"ty":"tm","s":{"a":0,"k":0,"ix":1},"e":{"a":1,"k":[{"i":{"x":[0.4],"y":[1]},"o":{"x":[0.6],"y":[0]},"t":0,"s":[0]},{"i":{"x":[0.4],"y":[1]},"o":{"x":[0.167],"y":[0]},"t":48,"s":[100]},{"i":{"x":[0.4],"y":[1]},"o":{"x":[0.6],"y":[0]},"t":132,"s":[100]},{"t":180,"s":[0]}],"ix":2},"o":{"a":1,"k":[{"i":{"x":[0.4],"y":[1]},"o":{"x":[0.6],"y":[0]},"t":0,"s":[-150]},{"i":{"x":[0.4],"y":[1]},"o":{"x":[0.167],"y":[0]},"t":48,"s":[0]},{"i":{"x":[0.4],"y":[1]},"o":{"x":[0.6],"y":[0]},"t":132,"s":[0]},{"t":180,"s":[-150]}],"ix":3},"m":1,"ix":3,"nm":"Trim Paths 1","mn":"ADBE Vector Filter - Trim","hd":false},{"ty":"tr","p":{"a":0,"k":[0,0],"ix":2},"a":{"a":0,"k":[0,0],"ix":1},"s":{"a":0,"k":[100,100],"ix":3},"r":{"a":0,"k":0,"ix":6},"o":{"a":0,"k":100,"ix":7},"sk":{"a":0,"k":0,"ix":4},"sa":{"a":0,"k":0,"ix":5},"nm":"Transform"}],"nm":"Group 2","np":3,"cix":2,"bm":0,"ix":2,"mn":"ADBE Vector Group","hd":false}],"ip":0,"op":300,"st":0,"bm":0}],"markers":[]}